QRS_Width,R_Peak_Height,P_Wave_Present,T_Wave_Present,ST_Level,PR_Interval,Label
8,1.0,1,1,0.2902,176,N
8,1.0,1,1,0.3372,176,N
9,1.0,1,1,0.2797,175,A
10,1.0,1,1,0.2504,175,N
9,1.0,1,1,0.3445,175,N
9,1.0,1,1,0.2744,175,N
8,1.0,1,1,0.3861,175,N
9,1.0,1,1,0.2954,175,N
10,1.0,1,1,0.3618,174,N
10,1.0,1,1,0.2584,175,N
9,1.0,1,1,0.2592,175,N
10,1.0,1,1,0.3301,174,N
10,1.0,1,1,0.2678,175,N
11,1.0,1,1,0.3221,174,N
8,1.0,1,1,0.3724,175,N
9,1.0,1,1,0.3389,175,N
9,1.0,1,1,0.3696,175,N
9,1.0,1,1,0.3155,175,N
9,1.0,1,1,0.3763,174,N
9,1.0,1,1,0.3143,175,N
8,1.0,1,1,0.2296,176,N
8,1.0,1,1,0.4067,175,N
8,1.0,1,1,0.3891,175,N
9,1.0,1,1,0.3226,175,N
10,1.0,1,1,0.3262,174,N
8,1.0,1,1,0.3751,363,N
8,1.0,1,1,0.3536,175,A
9,1.0,1,1,0.3033,175,N
9,1.0,1,1,0.2575,175,N
9,1.0,1,1,0.3818,174,N
8,1.0,1,1,0.3345,175,A
8,1.0,1,1,0.2713,176,N
9,1.0,1,1,0.284,175,N
8,1.0,1,1,0.3679,175,N
9,1.0,1,1,0.3286,175,N
8,1.0,1,1,0.3247,175,N
9,1.0,1,1,0.2635,175,N
8,1.0,1,1,0.369,175,N
9,1.0,1,1,0.2775,175,A
9,1.0,1,1,0.3147,175,N
8,1.0,1,1,0.2877,175,N
8,1.0,1,1,0.3673,175,N
9,1.0,1,1,0.3207,175,N
8,1.0,1,1,0.4071,175,N
10,1.0,1,1,0.3427,174,A
9,1.0,1,1,0.2735,175,N
8,1.0,1,1,0.3336,176,N
8,1.0,1,1,0.3064,175,N
8,1.0,1,1,0.3252,176,N
8,1.0,1,1,0.2762,175,N
8,1.0,1,1,0.3725,175,N
8,1.0,1,1,0.3259,175,N
9,1.0,1,1,0.322,175,N
9,1.0,1,1,0.264,175,N
9,1.0,1,1,0.2082,175,N
10,1.0,1,1,0.261,174,N
9,1.0,1,1,0.3131,175,N
8,1.0,1,1,0.3968,175,N
7,1.0,1,1,0.3915,176,N
8,1.0,1,1,0.3748,175,N
9,1.0,1,1,0.2201,175,N
8,1.0,1,1,0.3671,175,N
8,1.0,1,1,0.3009,175,N
9,1.0,1,1,0.2441,175,A
8,1.0,1,1,0.2464,176,N
10,1.0,1,1,0.3712,174,N
8,1.0,1,1,0.329,176,N
9,1.0,1,1,0.3252,175,N
9,1.0,1,1,0.2112,175,N
8,1.0,1,1,0.2455,176,N
8,1.0,1,1,0.3437,176,N
8,1.0,1,1,0.3435,175,N
8,1.0,1,1,0.319,175,N
8,1.0,1,1,0.3057,175,N
8,1.0,1,1,0.2979,175,N
9,1.0,1,1,0.3229,175,N
8,1.0,1,1,0.3685,175,N
8,1.0,1,1,0.3599,175,N
8,1.0,1,1,0.3524,175,N
8,1.0,1,1,0.3437,175,N
9,1.0,1,1,0.2932,175,N
8,1.0,1,1,0.2615,175,N
9,1.0,1,1,0.283,175,N
8,1.0,1,1,0.3658,175,N
9,1.0,1,1,0.3152,175,N
8,1.0,1,1,0.3212,175,N
9,1.0,1,1,0.2974,175,N
8,1.0,1,1,0.3277,175,N
8,1.0,1,1,0.2839,176,N
9,1.0,1,1,0.3316,175,N
9,1.0,1,1,0.3554,175,N
8,1.0,1,1,0.3818,175,N
8,1.0,1,1,0.3683,175,N
10,1.0,1,1,0.4047,174,N
8,1.0,1,1,0.3687,175,N
9,1.0,1,1,0.2646,175,N
10,1.0,1,1,0.3866,174,N
10,1.0,1,1,0.3419,174,N
9,1.0,1,1,0.233,175,N
8,1.0,1,1,0.2532,176,N
8,1.0,1,1,0.3485,176,N
9,1.0,1,1,0.219,175,N
9,1.0,1,1,0.231,175,N
9,1.0,1,1,0.285,175,N
8,1.0,1,1,0.36,175,N
10,1.0,1,1,0.3474,174,N
9,1.0,1,1,0.3671,174,A
9,1.0,1,1,0.2621,175,N
8,1.0,1,1,0.3174,175,N
11,1.0,1,1,0.299,174,N
9,1.0,1,1,0.2865,175,N
9,1.0,1,1,0.2462,175,N
9,1.0,1,1,0.3779,174,N
8,1.0,1,1,0.3344,175,N
9,1.0,1,1,0.3084,175,N
9,1.0,1,1,0.2654,175,N
9,1.0,1,1,0.3913,174,A
8,1.0,1,1,0.3213,175,N
8,1.0,1,1,0.3135,175,A
10,1.0,1,1,0.2663,175,N
8,1.0,1,1,0.4001,175,N
11,1.0,1,1,0.3641,174,A
9,1.0,1,1,0.265,175,N
9,1.0,1,1,0.2432,175,N
9,1.0,1,1,0.2504,175,A
8,1.0,1,1,0.3717,175,N
8,1.0,1,0,0.14504999999999998,387,N
8,1.0,1,1,0.3574,175,A
9,1.0,1,1,0.3914,175,N
9,1.0,1,1,0.2592,175,N
8,1.0,1,1,0.3415,175,N
8,1.0,1,1,0.3394,176,N
10,1.0,1,1,0.2603,174,N
9,1.0,1,1,0.3504,175,N
8,1.0,1,1,0.3889,175,N
8,1.0,1,1,0.3737,175,N
8,1.0,1,1,0.353,175,A
8,1.0,1,1,0.3872,175,A
9,1.0,1,1,0.3435,175,N
10,1.0,1,1,0.3017,175,N
8,1.0,1,1,0.2694,176,N
9,1.0,1,1,0.2844,175,N
8,1.0,1,1,0.3045,176,N
9,1.0,1,1,0.4045,175,N
8,1.0,1,1,0.284,176,N
8,1.0,1,1,0.3574,175,N
9,1.0,1,1,0.2502,175,A
9,1.0,1,1,0.3951,175,N
8,1.0,1,1,0.3543,175,N
8,1.0,1,1,0.2891,175,N
8,1.0,1,1,0.3954,175,N
8,1.0,1,1,0.3393,176,A
8,1.0,1,1,0.376,175,N
9,1.0,1,1,0.3706,174,N
9,1.0,1,1,0.4059,174,N
9,1.0,1,1,0.2344,175,N
9,1.0,1,1,0.2468,175,N
11,1.0,1,1,0.2664,174,N
9,1.0,1,1,0.2844,175,A
9,1.0,1,1,0.282,175,A
8,1.0,1,1,0.3609,175,N
9,1.0,1,1,0.3571,175,N
9,1.0,1,1,0.2433,175,N
9,1.0,1,1,0.2712,175,A
9,1.0,1,1,0.289,175,A
8,1.0,1,1,0.324,176,N
8,1.0,1,1,0.2994,175,N
9,1.0,1,1,0.2792,175,N
9,1.0,1,1,0.2409,175,N
8,1.0,1,1,0.4078,175,A
9,1.0,1,1,0.2574,175,A
8,1.0,1,1,0.2424,176,N
9,1.0,1,1,0.3167,175,N
9,1.0,1,1,0.245,175,N
8,1.0,1,1,0.3584,175,N
8,1.0,1,1,0.3067,175,N
8,1.0,1,1,0.3522,175,A
9,1.0,1,1,0.3275,175,A
9,1.0,1,1,0.2542,175,N
9,1.0,1,1,0.2529,175,N
9,1.0,1,1,0.3264,175,N
10,1.0,1,1,0.2896,175,N
9,1.0,1,1,0.2724,175,N
8,1.0,1,1,0.3887,175,N
11,1.0,1,1,0.3196,174,N
8,1.0,1,1,0.4022,175,N
8,1.0,1,1,0.3755,175,N
8,1.0,1,1,0.3501,175,N
9,1.0,1,1,0.2878,175,N
8,1.0,1,1,0.3174,175,N
9,1.0,1,1,0.3508,175,A
8,1.0,1,1,0.3952,175,N
9,1.0,1,1,0.294,175,N
8,1.0,1,1,0.2872,176,N
8,1.0,1,1,0.3143,175,N
9,1.0,1,1,0.2776,175,N
9,1.0,1,1,0.3915,175,N
9,1.0,1,1,0.2603,175,A
10,1.0,1,1,0.273,174,N
9,1.0,1,1,0.2586,175,N
9,1.0,1,1,0.2806,175,N
9,1.0,1,1,0.3374,175,N
9,1.0,1,1,0.2889,175,N
10,1.0,1,1,0.401,174,N
377,1.0,1,1,0.4326,12,V
10,1.0,1,1,0.2511,175,N
9,1.0,1,1,0.3194,175,N
9,1.0,1,1,0.2688,175,A
9,1.0,1,1,0.361,175,A
10,1.0,1,1,0.2911,175,A
9,1.0,1,1,0.3392,175,N
9,1.0,1,1,0.2304,175,N
8,1.0,1,1,0.3455,175,N
9,1.0,1,1,0.252,175,N
9,1.0,1,1,0.2507,175,N
9,1.0,1,1,0.2738,175,N
10,1.0,1,1,0.273,175,A
9,1.0,1,1,0.3019,175,N
9,1.0,1,1,0.3419,175,N
8,1.0,1,1,0.4095,175,A
8,1.0,1,1,0.2628,176,N
8,1.0,1,1,0.2607,175,N
11,1.0,1,1,0.3431,174,N
8,1.0,1,1,0.3897,175,N
8,1.0,1,1,0.3698,175,A
8,1.0,1,1,0.3375,175,N
11,1.0,1,1,0.3015,174,N
8,1.0,1,1,0.3696,175,N
8,1.0,1,1,0.4073,175,N
9,1.0,1,1,0.2697,175,N
8,1.0,1,1,0.3757,175,N
11,1.0,1,1,0.3578,174,N
9,1.0,1,1,0.2943,175,N
9,1.0,1,1,0.2799,175,N
9,1.0,1,1,0.2533,175,N
9,1.0,1,1,0.2619,175,N
9,1.0,1,1,0.3226,175,N
9,1.0,1,1,0.2683,175,N
12,1.0,1,1,0.3156,173,N
9,1.0,1,1,0.2648,175,N
8,1.0,1,1,0.3903,175,A
11,1.0,1,1,0.2755,174,N
9,1.0,1,1,0.3997,174,N
9,1.0,1,1,0.3336,175,N
8,1.0,1,1,0.3676,175,N
8,1.0,1,1,0.2502,176,N
10,1.0,1,1,0.2441,175,N
9,1.0,1,1,0.3984,175,N
9,1.0,1,1,0.2762,175,N
10,1.0,1,1,0.3328,174,N
11,1.0,1,1,0.255,174,N
10,1.0,1,1,0.3333,174,N
10,1.0,1,1,0.3206,175,N
10,1.0,1,1,0.3779,174,N
10,1.0,1,1,0.4065,174,N
10,1.0,1,1,0.3599,175,N
12,1.0,1,1,0.3263,174,N
10,1.0,1,1,0.4139,174,N
10,1.0,1,1,0.4114,174,N
11,1.0,1,1,0.3804,174,N
10,1.0,1,1,0.3634,174,N
11,1.0,1,1,0.2345,174,N
11,1.0,1,1,0.2667,174,N
12,1.0,1,1,0.2255,173,N
142,1.0,1,1,0.415275,168,V
85,1.0,1,1,0.4213,86,V
122,0.8395,1,1,0.44860000000000005,153,V
135,1.0,1,1,0.4107,56,V
303,1.0,1,1,0.2971,84,V
12,1.0,1,1,0.3531,174,N
180,1.0,1,1,0.4275,150,V
129,1.0,1,1,0.41295,58,V
363,1.0,1,0,0.3105,31,V
179,1.0,1,1,0.43206666666666665,153,V
119,1.0,1,1,0.4168,63,V
11,1.0,1,1,0.3325,174,N
81,0.8839,1,1,0.4504,272,V
118,1.0,1,1,0.4479,76,V
262,0.9607,1,1,0.38565,105,V
137,1.0,1,1,0.438,58,V
83,0.8771,1,1,0.4422,262,V
114,1.0,1,1,0.4328,79,V
153,1.0,1,1,0.43465,130,V
117,1.0,1,1,0.4087,76,V
12,1.0,1,1,0.4077,7,V
190,1.0,1,1,0.43006666666666665,159,V
118,1.0,1,1,0.4275,76,V
367,1.0,1,0,0.3428,26,V
47,0.6799,1,1,0.4584,253,V
128,1.0,1,1,0.44477500000000003,164,V
72,1.0,1,1,0.44335,98,V
217,1.0,1,1,0.43205,108,V
146,0.895,1,1,0.4441,139,V
115,1.0,1,1,0.4329,79,V
0,0.0,1,0,0.0,399,V
252,1.0,1,1,0.39125,112,V
131,1.0,1,1,0.4196,66,V
221,1.0,1,1,0.43010000000000004,123,V
132,1.0,1,1,0.43010000000000004,57,V
242,0.8452,1,1,0.41685,128,V
153,1.0,1,1,0.4434,45,V
104,1.0,1,1,0.4377,160,V
114,1.0,1,1,0.427,245,V
114,1.0,1,1,0.427,79,V
365,1.0,1,0,0.3616,28,V
250,1.0,1,1,0.4056,112,V
127,1.0,1,1,0.4469,68,V
120,1.0,1,1,0.4052,219,N
222,1.0,1,1,0.42506666666666665,93,V
114,1.0,1,1,0.4229,255,V
121,1.0,1,1,0.4291,70,V
63,1.0,1,1,0.4075333333333333,251,V
45,1.0,1,1,0.42085,117,V
30,1.0,1,1,0.439,160,V
87,1.0,1,1,0.44205,274,V
140,1.0,1,1,0.4455,52,V
24,1.0,1,1,0.3982,165,V
140,1.0,1,1,0.4524,133,V
105,1.0,1,1,0.4284,89,V
74,1.0,1,1,0.4445,92,V
34,1.0,1,1,0.4455,155,V
35,1.0,1,1,0.4509,154,V
71,1.0,1,1,0.44599999999999995,276,V
112,1.0,1,1,0.4436,80,V
97,1.0,1,1,0.4494,163,V
29,1.0,1,1,0.4484,160,V
12,1.0,1,1,0.3692,173,N
12,1.0,1,1,0.2919,174,N
10,1.0,1,1,0.3081,175,N
11,1.0,1,1,0.3565,174,N
10,1.0,1,1,0.396,174,N
10,1.0,1,1,0.3295,174,N
11,1.0,1,1,0.2991,174,N
11,1.0,1,1,0.3485,174,N
10,1.0,1,1,0.3693,174,N
11,1.0,1,1,0.3186,174,N
10,1.0,1,1,0.2651,175,N
10,1.0,1,1,0.3844,174,N
10,1.0,1,1,0.2692,175,N
12,1.0,1,1,0.4288,173,N
245,1.0,1,1,0.41415,77,V
11,1.0,1,1,0.3366,174,N
11,1.0,1,1,0.3511,174,N
10,1.0,1,1,0.3679,174,N
11,1.0,1,1,0.3022,174,N
11,1.0,1,1,0.3225,174,N
12,1.0,1,1,0.3172,174,N
13,1.0,1,1,0.319,173,N
12,1.0,1,1,0.3729,173,N
12,1.0,1,1,0.2932,173,N
12,1.0,1,1,0.2927,174,N
11,1.0,1,1,0.414,174,N
11,1.0,1,1,0.295,174,N
10,1.0,1,1,0.3514,175,N
10,1.0,1,1,0.4053,174,N
11,1.0,1,1,0.3054,174,N
10,1.0,1,1,0.3437,174,N
10,1.0,1,1,0.3829,174,N
11,1.0,1,1,0.3674,174,N
10,1.0,1,1,0.2953,175,N
11,1.0,1,1,0.3525,174,N
11,1.0,1,1,0.2625,174,N
11,1.0,1,1,0.2935,174,N
10,1.0,1,1,0.3346,175,N
11,1.0,1,1,0.3338,174,N
12,1.0,1,1,0.3362,174,N
12,1.0,1,1,0.304,174,N
11,1.0,1,1,0.3694,174,N
12,1.0,1,1,0.4202,173,N
13,1.0,1,1,0.3807,173,N
12,1.0,1,1,0.3522,173,N
12,1.0,1,1,0.2952,174,N
11,1.0,1,1,0.326,174,N
11,1.0,1,1,0.4056,174,N
10,1.0,1,1,0.293,175,N
10,1.0,1,1,0.292,175,N
11,1.0,1,1,0.2378,174,N
10,1.0,1,1,0.2403,175,N
11,1.0,1,1,0.2651,174,N
11,1.0,1,1,0.2519,174,N
77,1.0,1,1,0.432,56,V
10,1.0,1,1,0.2778,175,N
11,1.0,1,1,0.2454,174,N
59,1.0,1,1,0.44475,63,V
10,1.0,1,1,0.2561,175,N
11,1.0,1,1,0.2647,174,N
10,1.0,1,1,0.3786,174,N
10,1.0,1,1,0.296,175,N
10,1.0,1,1,0.3562,174,N
10,1.0,1,1,0.3456,174,N
10,1.0,1,1,0.2393,175,N
11,1.0,1,1,0.276,174,N
11,1.0,1,1,0.3747,174,N
14,1.0,1,1,0.3288,172,N
11,1.0,1,1,0.3289,174,N
11,1.0,1,1,0.412,174,N
12,1.0,1,1,0.3019,174,N
11,1.0,1,1,0.3842,174,N
11,1.0,1,1,0.3508,174,N
10,1.0,1,1,0.32,174,N
9,1.0,1,1,0.3723,175,N
10,1.0,1,1,0.3528,174,N
11,1.0,1,1,0.2273,174,N
11,1.0,1,1,0.324,174,N
10,1.0,1,1,0.2594,175,N
10,1.0,1,1,0.3535,174,N
12,1.0,1,1,0.3394,173,N
11,1.0,1,1,0.3666,174,N
12,1.0,1,1,0.3778,173,N
13,1.0,1,1,0.3205,173,N
12,1.0,1,1,0.3392,174,N
13,1.0,1,1,0.3711,173,N
13,1.0,1,1,0.3095,173,N
10,1.0,1,1,0.3558,174,N
11,1.0,1,1,0.2985,174,N
10,1.0,1,1,0.3167,175,N
11,1.0,1,1,0.2486,174,N
9,1.0,1,1,0.3913,175,N
10,1.0,1,1,0.3498,174,N
10,1.0,1,1,0.3363,174,N
258,1.0,1,1,0.41964999999999997,93,V
10,1.0,1,1,0.3522,175,N
61,0.7279,1,1,0.456,246,V
92,0.7666,1,1,0.4646,235,V
92,0.7734,1,1,0.4661,242,V
43,0.6371,1,1,0.4616,258,V
59,0.6988,1,1,0.4614,250,V
298,1.0,1,0,0.4236,94,V
12,1.0,1,1,0.3461,173,N
117,1.0,1,1,0.3899,62,V
114,1.0,1,1,0.4093,77,V
66,0.7452,1,1,0.463,245,V
62,1.0,1,1,0.4027,58,V
321,1.0,1,1,0.4292,69,V
133,1.0,1,1,0.43594999999999995,45,V
140,1.0,1,1,0.4275,54,V
227,0.8721,1,1,0.40925,106,V
178,1.0,1,1,0.4535,118,V
140,1.0,1,1,0.4321,52,V
202,1.0,1,1,0.4247666666666667,74,V
254,1.0,1,1,0.4282,86,V
248,1.0,1,1,0.4431,100,V
223,1.0,1,1,0.42100000000000004,97,V
114,1.0,1,1,0.4091666666666667,148,V
34,1.0,1,1,0.37895,123,V
33,1.0,1,1,0.37045,126,V
23,1.0,1,1,0.3827,166,V
23,1.0,1,1,0.3466,336,N
35,1.0,1,1,0.39905,124,V
32,1.0,1,1,0.3581,124,V
35,1.0,1,1,0.39675000000000005,293,N
33,1.0,1,1,0.37675000000000003,121,V
24,1.0,1,1,0.3655,165,V
35,1.0,1,1,0.38155,275,N
36,1.0,1,1,0.3943,108,V
23,1.0,1,1,0.4395,165,V
322,1.0,1,1,0.4384,20,V
27,1.0,1,1,0.4269,163,V
33,1.0,1,1,0.4156,157,V
41,1.0,1,1,0.40185000000000004,119,V
34,1.0,1,1,0.3853,118,V
31,1.0,1,1,0.4288,159,V
23,1.0,1,1,0.4303,165,V
24,1.0,1,1,0.4141,165,V
26,1.0,1,1,0.37715,123,V
28,1.0,1,1,0.4459,335,N
34,1.0,1,1,0.444,158,V
106,1.0,1,1,0.4446,87,V
24,1.0,1,1,0.4225,165,V
29,1.0,1,1,0.40275,105,V
31,1.0,1,1,0.358,284,N
31,1.0,1,1,0.358,124,V
105,1.0,1,1,0.41873333333333335,171,V
22,1.0,1,1,0.3417,166,V
32,1.0,1,1,0.372,129,V
20,1.0,1,1,0.3249,168,V
30,1.0,1,1,0.3392,139,V
13,1.0,1,1,0.3381,9,V
28,1.0,1,1,0.36114999999999997,154,V
28,1.0,1,1,0.35195,155,V
27,1.0,1,1,0.34550000000000003,322,N
27,1.0,1,1,0.34550000000000003,155,V
27,1.0,1,1,0.39139999999999997,155,V
32,1.0,1,1,0.3341,314,N
32,1.0,1,1,0.3341,152,V
28,1.0,1,1,0.29445,155,V
31,1.0,1,1,0.3463,152,V
21,1.0,1,1,0.3861,167,V
30,1.0,1,1,0.41325,152,V
21,1.0,1,1,0.3852,166,V
23,1.0,1,1,0.3374,341,N
23,1.0,1,1,0.3808,165,V
24,0.9881,1,1,0.41,164,V
20,1.0,1,1,0.4221,167,V
18,1.0,1,1,0.3865,169,V
19,1.0,1,1,0.3534,168,V
27,1.0,1,1,0.32335,156,V
37,1.0,1,1,0.36635,321,N
383,1.0,1,0,0.3387,11,V
88,0.7319,1,1,0.4643,223,V
110,1.0,1,1,0.4602333333333333,91,V
25,1.0,1,1,0.3734,362,N
31,1.0,1,1,0.3994,158,V
23,1.0,1,1,0.4104,164,V
18,1.0,1,1,0.3672,169,V
27,1.0,1,1,0.33895,156,V
19,1.0,1,1,0.3871,346,N
20,1.0,1,1,0.4067,167,V
22,1.0,1,1,0.3801,166,V
30,1.0,1,1,0.36329999999999996,321,N
31,1.0,1,1,0.3044,153,V
29,1.0,1,1,0.33814999999999995,154,V
24,1.0,1,1,0.4137,163,V
22,1.0,1,1,0.3634,166,V
20,1.0,1,1,0.3562,167,V
22,1.0,1,1,0.3942,166,V
23,1.0,1,1,0.3951,165,V
28,1.0,1,1,0.4096,160,V
25,1.0,1,1,0.367,163,V
22,1.0,1,1,0.3468,351,N
23,1.0,1,1,0.3858,165,V
24,1.0,1,1,0.3601,164,V
30,1.0,1,1,0.36515,153,V
26,1.0,1,1,0.4183,162,V
31,1.0,1,1,0.3534,158,V
320,1.0,1,1,0.4196,9,V
18,0.9942,1,1,0.3631,169,V
25,1.0,1,1,0.3683,163,V
27,1.0,1,1,0.4339,161,V
25,1.0,1,1,0.4249,163,V
134,1.0,1,1,0.4002,40,V
34,1.0,1,1,0.39444999999999997,318,N
27,1.0,1,1,0.3967,163,V
21,1.0,1,1,0.3951,349,N
22,1.0,1,1,0.4248,165,V
110,1.0,1,1,0.4157,249,V
122,1.0,1,1,0.4288,71,V
25,0.9284,1,1,0.3959,165,V
153,1.0,1,1,0.43135,164,V
49,1.0,1,1,0.4243,145,V
83,1.0,1,1,0.42905000000000004,70,V
40,1.0,1,1,0.39490000000000003,292,N
32,1.0,1,1,0.4303,158,V
240,1.0,1,1,0.3714,133,N
253,1.0,1,1,0.44504999999999995,79,V
261,1.0,1,1,0.4377,60,V
27,1.0,1,1,0.4357,162,V
24,1.0,1,1,0.4036,164,V
20,1.0,1,1,0.3962,168,V
30,1.0,1,1,0.4076,133,V
23,1.0,1,1,0.3903,165,V
29,1.0,1,1,0.3981,161,V
286,1.0,1,1,0.4194,66,V
30,1.0,1,1,0.4061,160,V
276,1.0,1,1,0.4147,94,V
149,1.0,1,1,0.4304,49,V
380,1.0,1,0,0.4255,12,V
68,0.7244,1,1,0.4526,235,V
25,1.0,1,1,0.3733,163,V
112,1.0,1,1,0.45675,110,V
10,1.0,1,1,0.3686,175,N
81,1.0,1,1,0.45125,254,V
86,1.0,1,1,0.42025,83,V
10,1.0,1,1,0.3997,174,N
61,0.7582,1,1,0.464,245,V
31,1.0,1,1,0.3226,328,N
21,1.0,1,1,0.3421,167,V
11,1.0,1,1,0.3371,174,N
211,1.0,1,1,0.4007666666666667,51,V
139,0.9614,1,1,0.38265000000000005,223,V
135,1.0,1,1,0.398,58,V
0,0.0,1,0,0.0,399,V
62,1.0,1,1,0.40290000000000004,214,V
73,0.7789,1,1,0.4643,241,V
11,1.0,1,1,0.2957,174,N
10,1.0,1,1,0.3079,175,N
10,1.0,1,1,0.3227,174,N
10,1.0,1,1,0.3069,174,N
10,1.0,1,1,0.2451,175,N
11,1.0,1,1,0.2461,174,N
45,1.0,1,1,0.35305,300,V
47,1.0,1,1,0.3779,132,V
187,0.8512,1,1,0.3746,128,V
319,1.0,1,1,0.44799999999999995,34,V
264,0.7977,1,0,0.4006,128,V
373,1.0,1,0,0.3568,20,V
10,1.0,1,1,0.2421,175,N
30,0.8691,1,1,0.3869,322,V
96,1.0,1,1,0.4019,95,V
357,1.0,1,0,0.3669,36,V
103,1.0,1,1,0.38734999999999997,57,V
95,1.0,1,1,0.4267,103,V
80,1.0,1,1,0.459,245,V
210,1.0,1,1,0.4512,111,V
12,1.0,1,1,0.2982,174,N
239,1.0,1,1,0.44279999999999997,109,V
13,1.0,1,1,0.34,173,N
251,1.0,1,1,0.43755,97,V
245,1.0,1,1,0.44115,106,V
140,1.0,1,1,0.44115,45,V
221,1.0,1,1,0.44275,107,V
97,1.0,1,1,0.4312,250,V
100,1.0,1,1,0.4518,90,V
184,1.0,1,1,0.44699999999999995,121,V
13,1.0,1,1,0.3013,173,N
11,1.0,1,1,0.2239,174,N
10,1.0,1,1,0.3118,175,N
10,1.0,1,1,0.405,174,N
10,1.0,1,1,0.3877,174,N
36,1.0,1,1,0.4203,165,V
357,1.0,1,1,0.3793,33,V
109,1.0,1,1,0.39055,241,V
105,1.0,1,1,0.39595,72,V
16,0.7822,1,1,0.3333,169,V
215,0.8776,1,1,0.39605,142,V
131,1.0,1,1,0.34855,63,V
14,1.0,1,1,0.3248,172,N
344,1.0,1,1,0.3986,43,V
20,1.0,1,1,0.3884,166,V
20,1.0,1,1,0.3972,167,V
21,1.0,1,1,0.4063,357,N
25,1.0,1,1,0.3647,163,V
25,1.0,1,1,0.363,163,V
22,1.0,1,1,0.4061,165,V
23,1.0,1,1,0.3751,164,V
24,1.0,1,1,0.3401,164,V
20,1.0,1,1,0.3665,167,V
296,1.0,1,1,0.43835,53,V
28,1.0,1,1,0.3994,160,V
12,1.0,1,1,0.3555,174,N
153,1.0,1,1,0.4357,132,V
116,1.0,1,1,0.4248,74,V
356,1.0,1,1,0.4297,33,V
106,1.0,1,1,0.4377,252,V
106,1.0,1,1,0.4377,84,V
251,1.0,1,1,0.4158,100,V
363,1.0,1,0,0.3903,30,V
48,0.6759,1,1,0.4488,252,V
165,1.0,1,1,0.44505,108,V
122,1.0,1,1,0.4329,66,V
232,1.0,1,1,0.45504999999999995,108,V
25,1.0,1,1,0.4206,163,V
289,1.0,1,1,0.40165,65,V
11,1.0,1,1,0.3978,174,N
179,1.0,1,1,0.4508,109,V
134,1.0,1,1,0.4544,58,V
256,1.0,1,1,0.4203,91,V
272,1.0,1,1,0.4535,79,V
12,1.0,1,1,0.318,174,N
322,1.0,1,1,0.4144,63,V
12,1.0,1,1,0.3031,174,N
291,1.0,1,1,0.4243,87,V
151,1.0,1,1,0.4524,50,V
193,1.0,1,1,0.45605,112,V
258,1.0,1,1,0.43225,96,V
301,1.0,1,1,0.397,56,V
49,1.0,1,1,0.4216,243,N
266,1.0,1,1,0.4004,98,V
128,1.0,1,1,0.4155,70,V
199,0.874,1,1,0.42725,116,V
154,1.0,1,1,0.4465,129,V
119,1.0,1,1,0.4206,75,V
168,1.0,1,1,0.39010000000000006,126,V
279,1.0,1,1,0.3604,108,V
25,1.0,1,1,0.345,163,V
25,1.0,1,1,0.3362,163,V
166,0.9812,1,1,0.42075,129,V
25,1.0,1,1,0.39,162,V
23,1.0,1,1,0.3245,165,V
19,1.0,1,1,0.4005,346,N
20,1.0,1,1,0.4254,166,V
24,1.0,1,1,0.3919,163,V
20,1.0,1,1,0.405,167,V
24,1.0,1,1,0.3199,164,V
23,1.0,1,1,0.3715,164,V
24,1.0,1,1,0.4062,163,V
22,1.0,1,1,0.3238,165,V
22,1.0,1,1,0.3576,165,V
25,1.0,1,1,0.3596,163,V
20,1.0,1,1,0.3052,168,V
22,1.0,1,1,0.3234,165,V
19,1.0,1,1,0.4134,365,N
20,1.0,1,1,0.3094,168,V
22,1.0,1,1,0.3621,165,V
19,1.0,1,1,0.3352,168,V
24,1.0,1,1,0.3082,164,V
23,1.0,1,1,0.4214,164,V
16,1.0,1,1,0.3435,170,V
21,1.0,1,1,0.4068,346,N
23,1.0,1,1,0.3129,165,V
22,1.0,1,0,0.051412499999999986,361,N
24,1.0,1,1,0.3482,164,V
16,1.0,1,1,0.3122,355,N
16,1.0,1,1,0.3122,171,V
160,1.0,1,1,0.38325,128,V
27,1.0,1,1,0.2975,161,V
255,1.0,1,1,0.38965000000000005,79,V
10,1.0,1,1,0.2608,175,N
11,1.0,1,1,0.2275,174,N
207,1.0,1,1,0.39344999999999997,98,V
204,1.0,1,1,0.3811,104,V
200,1.0,1,1,0.41345,107,V
207,1.0,1,1,0.42235,99,V
250,1.0,1,1,0.41935,102,V
325,1.0,1,1,0.4178,61,V
194,1.0,1,1,0.42585,69,V
254,1.0,1,1,0.36765000000000003,108,V
128,1.0,1,1,0.4297,63,V
239,1.0,1,1,0.44495,96,V
234,1.0,1,1,0.41000000000000003,105,V
118,1.0,1,1,0.4218,72,V
188,1.0,1,1,0.40875,114,V
28,1.0,1,1,0.385,352,N
88,1.0,1,1,0.4425,85,V
159,0.9161,1,1,0.40035,128,V
32,1.0,1,1,0.3953,348,N
125,1.0,1,1,0.42,66,V
50,1.0,1,1,0.398,226,N
321,1.0,1,1,0.3445,67,V
29,1.0,1,1,0.4151,343,N
71,1.0,1,1,0.44199999999999995,99,V
213,1.0,1,1,0.4031,101,V
201,1.0,1,1,0.40754999999999997,108,V
194,1.0,1,1,0.4304,110,V
215,1.0,1,1,0.39339999999999997,97,V
198,1.0,1,1,0.411,106,V
30,1.0,1,1,0.4048,159,V
210,1.0,1,1,0.43115000000000003,107,V
232,1.0,1,1,0.3983,65,V
193,1.0,1,1,0.39170000000000005,117,V
98,1.0,1,1,0.3934333333333333,265,N
125,1.0,1,1,0.42373333333333335,158,V
73,1.0,1,1,0.39765,90,V
158,1.0,1,1,0.39665,133,V
31,1.0,1,1,0.3711,161,V
82,1.0,1,1,0.3918,277,N
66,1.0,1,1,0.39895,98,V
26,1.0,1,1,0.3407,162,V
26,1.0,1,1,0.3891,161,V
61,1.0,1,1,0.4018,95,V
289,1.0,1,1,0.39644999999999997,38,V
10,1.0,1,1,0.3402,175,N
14,1.0,1,1,0.3917,172,N
344,1.0,1,0,0.4128,48,V
10,1.0,1,1,0.3393,175,N
10,1.0,1,1,0.3017,174,N
10,1.0,1,1,0.3456,174,N
11,1.0,1,1,0.3987,174,N
11,1.0,1,1,0.291,174,N
10,1.0,1,1,0.3045,175,N
10,1.0,1,1,0.2793,175,N
10,1.0,1,1,0.3801,174,N
11,1.0,1,1,0.366,174,N
14,1.0,1,1,0.3647,172,N
12,1.0,1,1,0.3944,173,N
11,1.0,1,1,0.2848,174,N
10,1.0,1,1,0.3767,174,N
10,1.0,1,1,0.298,175,N
11,1.0,1,1,0.2453,174,N
10,1.0,1,1,0.3525,174,N
9,1.0,1,1,0.3726,175,N
10,1.0,1,1,0.3952,174,N
10,1.0,1,1,0.3396,174,N
11,1.0,1,1,0.2696,174,N
12,1.0,1,1,0.2425,174,N
10,1.0,1,1,0.3381,175,N
11,1.0,1,1,0.2522,174,N
10,1.0,1,1,0.2343,175,N
10,1.0,1,1,0.316,174,N
11,1.0,1,1,0.3722,174,N
11,1.0,1,1,0.2674,174,N
10,1.0,1,1,0.3402,174,N
11,1.0,1,1,0.2369,174,N
10,1.0,1,1,0.3956,174,N
10,1.0,1,1,0.3919,174,N
315,1.0,1,0,0.4308,77,V
323,1.0,1,1,0.4074,65,V
365,1.0,1,0,0.3287,29,V
369,1.0,1,0,0.3206,25,V
378,1.0,1,1,0.4208,12,V
129,1.0,1,1,0.41415,244,N
269,1.0,1,1,0.4001,105,V
140,1.0,1,1,0.441,63,V
127,1.0,1,1,0.40364999999999995,227,N
191,1.0,1,1,0.4243666666666666,121,V
359,0.9994,1,0,0.3431,34,V
325,1.0,1,0,0.3511,67,V
189,1.0,1,1,0.41853333333333337,100,V
180,0.7609,1,1,0.45005,131,V
25,1.0,1,1,0.3801,164,V
28,1.0,1,1,0.4254,161,V
27,1.0,1,1,0.4008,162,V
67,1.0,1,1,0.4478,98,V
118,1.0,1,1,0.4076,73,V
106,1.0,1,1,0.416,85,V
114,1.0,1,1,0.4324,77,V
26,1.0,1,1,0.4374,163,V
29,1.0,1,1,0.4388,161,V
27,1.0,1,1,0.4117,163,V
24,1.0,1,1,0.3779,358,N
29,1.0,1,1,0.4209,161,V
32,1.0,1,1,0.415,159,V
27,1.0,1,1,0.4329,162,V
291,1.0,1,1,0.4268,45,V
25,1.0,1,1,0.4065,164,V
25,1.0,1,1,0.3978,164,V
103,0.6765,1,1,0.46094999999999997,134,V
24,1.0,1,1,0.3596,165,V
24,1.0,1,1,0.4146,165,V
51,0.6872,1,1,0.4592,254,V
322,1.0,1,1,0.393,69,V
266,1.0,1,1,0.45025000000000004,81,V
18,0.8354,1,1,0.4112,169,V
274,1.0,1,1,0.41825,75,V
14,1.0,1,1,0.406,173,N
300,1.0,1,1,0.395,78,V
165,1.0,1,1,0.4493,30,V
113,1.0,1,1,0.385,241,N
371,1.0,1,0,0.3654,21,V
291,1.0,1,1,0.4315,84,V
161,1.0,1,1,0.4574,35,V
197,1.0,1,1,0.42860000000000004,114,V
85,1.0,1,1,0.43374999999999997,49,V
366,1.0,1,1,0.4211,25,V
368,1.0,1,0,0.4071,24,V
34,0.5641,1,1,0.4501,263,V
244,1.0,1,1,0.36565000000000003,126,V
118,1.0,1,1,0.4205,79,V
125,1.0,1,1,0.38195,240,N
226,0.7831,1,1,0.43335,123,V
20,1.0,1,1,0.3892,167,V
41,0.593,1,1,0.4588,264,V
20,1.0,1,1,0.4075,167,V
27,1.0,1,1,0.31594999999999995,336,N
16,0.8822,1,1,0.4123,170,V
15,0.8383,1,1,0.3569,171,V
19,1.0,1,1,0.3212,168,V
20,1.0,1,1,0.3937,355,N
21,1.0,1,1,0.4248,166,V
18,1.0,1,1,0.4111,169,V
352,1.0,1,0,0.3858,42,V
30,1.0,1,1,0.37795,347,N
21,1.0,1,1,0.3791,167,V
357,1.0,1,0,0.3904,37,V
23,1.0,1,1,0.3849,165,V
22,1.0,1,1,0.3549,166,V
22,1.0,1,1,0.3765,166,V
16,1.0,1,1,0.35,171,V
130,1.0,1,1,0.3986,241,N
355,1.0,1,0,0.3893,39,V
18,1.0,1,1,0.3754,169,V
216,1.0,1,1,0.4356,102,V
33,0.5798,1,1,0.4624,267,V
362,1.0,1,0,0.3409,32,V
80,0.8942,1,1,0.45030000000000003,275,V
122,1.0,1,1,0.4261,69,V
163,1.0,1,1,0.37105,140,V
248,1.0,1,1,0.3876,123,V
120,1.0,1,1,0.4025,80,V
16,0.8895,1,1,0.3839,169,V
244,1.0,1,1,0.4,127,V
119,1.0,1,1,0.4107,80,V
11,1.0,1,1,0.2996,174,N
173,1.0,1,1,0.3882999999999999,156,V
127,1.0,1,1,0.3514,64,V
123,1.0,1,1,0.425825,181,V
83,1.0,1,1,0.4232,92,V
177,0.8774,1,1,0.4361333333333333,166,V
131,1.0,1,1,0.39075,60,V
12,1.0,1,1,0.2747,174,N
182,1.0,1,1,0.4546,107,V
124,1.0,1,1,0.4451,71,V
13,1.0,1,1,0.2927,173,N
12,1.0,1,1,0.351,173,N
45,1.0,1,1,0.4337,226,N
38,1.0,1,1,0.4034,232,N
13,1.0,1,1,0.4131,173,N
12,1.0,1,1,0.3505,173,N
10,1.0,1,1,0.3872,174,N
12,1.0,1,1,0.2658,173,N
148,1.0,1,1,0.40702499999999997,146,V
86,1.0,1,1,0.4277,92,V
11,1.0,1,1,0.2949,174,N
146,1.0,1,1,0.43160000000000004,161,V
86,1.0,1,1,0.43335,84,V
10,1.0,1,1,0.3524,174,N
192,1.0,1,1,0.4088666666666667,161,V
124,1.0,1,1,0.4186,68,V
10,1.0,1,1,0.3849,174,N
173,1.0,1,1,0.42379999999999995,152,V
111,1.0,1,1,0.4374,82,V
181,1.0,1,1,0.42996666666666666,160,V
118,1.0,1,1,0.4471,74,V
210,1.0,1,1,0.39513333333333334,140,V
129,1.0,1,1,0.4332,59,V
240,1.0,1,1,0.3823,128,V
121,1.0,1,1,0.4284,73,V
168,1.0,1,1,0.4379,125,V
121,1.0,1,1,0.4132,73,V
11,1.0,1,1,0.2684,174,N
167,1.0,1,1,0.44565,122,V
118,1.0,1,1,0.431,75,V
14,1.0,1,1,0.3531,173,N
191,1.0,1,1,0.4288666666666667,152,V
120,1.0,1,1,0.4179,73,V
162,1.0,1,1,0.4368,124,V
128,1.0,1,1,0.41205,60,V
197,1.0,1,1,0.42506666666666665,140,V
123,1.0,1,1,0.4244,70,V
230,1.0,1,1,0.36455000000000004,132,V
123,1.0,1,1,0.36455000000000004,66,V
202,1.0,1,1,0.4471333333333333,145,V
127,1.0,1,1,0.4512,66,V
13,1.0,1,1,0.3552,173,N
77,0.8934,1,1,0.43384999999999996,270,V
116,1.0,1,1,0.4102,79,V
164,1.0,1,1,0.44145,121,V
115,1.0,1,1,0.4228,78,V
174,1.0,1,1,0.4395,124,V
128,1.0,1,1,0.419,66,V
12,1.0,1,1,0.4146,173,N
152,1.0,1,1,0.44395,129,V
110,1.0,1,1,0.4254,82,V
172,1.0,1,1,0.44545,122,V
122,1.0,1,1,0.4356,71,V
12,1.0,1,1,0.4303,173,N
178,1.0,1,1,0.4079,164,V
116,1.0,1,1,0.4306,76,V
12,1.0,1,1,0.3978,173,N
215,1.0,1,1,0.40723333333333334,136,V
131,1.0,1,1,0.441,58,V
235,1.0,1,1,0.42025,130,V
121,1.0,1,1,0.4217,77,V
232,1.0,1,1,0.42469999999999997,142,V
123,1.0,1,1,0.4174,72,V
115,1.0,1,1,0.4086,221,N
193,1.0,1,1,0.4545,118,V
164,1.0,1,1,0.43884999999999996,118,V
114,1.0,1,1,0.4195,79,V
228,1.0,1,1,0.4165,135,V
111,1.0,1,1,0.4433,87,V
240,0.8137,1,1,0.4569,104,V
97,1.0,1,1,0.44805,224,V
137,1.0,1,1,0.4189,54,V
319,1.0,1,1,0.4246,40,V
233,0.9265,1,1,0.4275,101,V
112,1.0,1,1,0.43320000000000003,237,N
283,1.0,1,1,0.4229,77,V
67,1.0,1,1,0.43895,215,N
182,1.0,1,1,0.43845,114,V
130,1.0,1,1,0.4196,68,V
254,1.0,1,1,0.3984,91,V
149,1.0,1,1,0.43155,212,N
273,1.0,1,1,0.42045,101,V
138,1.0,1,1,0.4152,61,V
196,1.0,1,1,0.4412,112,V
144,1.0,1,1,0.4328,55,V
209,1.0,1,1,0.43496666666666667,138,V
130,1.0,1,1,0.439,68,V
12,1.0,1,1,0.3132,173,N
269,1.0,1,1,0.43805,105,V
137,1.0,1,1,0.4512,61,V
216,1.0,1,1,0.4217666666666666,132,V
131,1.0,1,1,0.4448,68,V
272,1.0,1,1,0.39039999999999997,107,V
379,1.0,1,1,0.3659,12,V
68,1.0,1,1,0.38256666666666667,279,N
134,1.0,1,1,0.404925,174,V
83,1.0,1,1,0.3861333333333333,85,V
381,1.0,1,1,0.3806,10,V
10,1.0,1,1,0.3472,175,N
162,1.0,1,1,0.42506666666666665,165,V
106,1.0,1,1,0.4094,87,V
371,1.0,1,1,0.4062,18,V
131,1.0,1,1,0.4493,138,V
115,1.0,1,1,0.4385,74,V
248,1.0,1,1,0.36945,99,V
105,0.8039,1,1,0.4355,257,V
147,1.0,1,1,0.43474999999999997,46,V
199,1.0,1,1,0.40615,128,V
26,1.0,1,1,0.3825,162,V
93,0.6565,1,1,0.4631,136,V
22,1.0,1,1,0.4013,165,V
26,1.0,1,1,0.3638,162,V
23,1.0,1,1,0.4002,164,V
23,1.0,1,1,0.3771,164,V
20,1.0,1,1,0.3714,168,V
23,1.0,1,1,0.4238,165,V
49,1.0,1,1,0.3807,311,V
39,0.9813,1,1,0.38875000000000004,144,V
33,1.0,1,1,0.3386,336,N
22,1.0,1,1,0.4239,166,V
115,1.0,1,1,0.3985,256,V
115,1.0,1,1,0.3985,74,V
26,1.0,1,1,0.35765,157,V
336,1.0,1,0,0.2969,58,V
341,1.0,1,0,0.3617,52,V
62,1.0,1,1,0.45175,269,V
65,1.0,1,1,0.4146,100,V
11,1.0,1,1,0.3447,174,N
258,1.0,1,1,0.41395,78,V
257,1.0,1,1,0.42615000000000003,116,V
134,1.0,1,1,0.4361,65,V
327,1.0,1,0,0.3946,65,V
100,1.0,1,1,0.387,237,V
82,1.0,1,1,0.4303,89,V
